Name,Platform,Year_of_Release,Genre,Publisher,NA_Sales,EU_Sales,JP_Sales,Other_Sales,Global_Sales,Critic_Score,Critic_Count,User_Score,User_Count,Developer,Rating
Call of Duty: Ghosts,PS4,2013,Shooter,Activision,1.78,1.43,0.05,0.57,3.83,78,49,3.7,1564,Infinity Ward,M
Flash Focus: Vision Training in Minutes a Day,DS,2007,Misc,Nintendo,0.86,1.56,1.05,0.35,3.83,59,22,4,4,"Nintendo, Namco Bandai Games",E
Tom Clancy's The Division,PS4,2016,Shooter,Ubisoft,1.35,1.7,0.15,0.6,3.8,80,64,7,2219,Massive Entertainment,M
Big Brain Academy: Wii Degree,Wii,2007,Misc,Nintendo,1.05,1.91,0.41,0.42,3.79,68,33,6.9,39,Nintendo,E
Resident Evil Director's Cut,PS,1996,Action,Virgin Interactive,1.82,1.24,0.47,0.25,3.77,,,,,,
Mario & Luigi: Bowser's Inside Story,DS,2009,Role-Playing,Nintendo,2.23,0.47,0.81,0.26,3.77,,,,,,
LEGO Indiana Jones: The Original Adventures,X360,2008,Action,Activision,2.4,1.01,0,0.36,3.76,77,60,7.5,66,Traveller's Tales,E10+
The Sims: Unleashed,PC,2002,Simulation,Electronic Arts,2.03,1.56,0,0.17,3.76,79,21,8,29,Maxis,T
Ratchet & Clank: Size Matters,PSP,2007,Platform,Sony Computer Entertainment,1.4,1.39,0.1,0.86,3.74,,,,,,
Harry Potter and the Sorcerer's Stone,PS,2001,Action,Electronic Arts,1.37,2,0.14,0.22,3.73,64,11,7.5,41,Argonaut Games,E
Mario & Sonic at the London 2012 Olympic Games,Wii,2011,Sports,Sega,1.12,1.87,0.27,0.45,3.72,,,,,,
Resident Evil 3: Nemesis,PS,1999,Action,Eidos Interactive,1.3,0.77,1.54,0.11,3.72,,,,,,
Super Paper Mario,Wii,2007,Platform,Nintendo,1.95,0.86,0.59,0.31,3.71,85,56,7.9,417,Intelligent Systems,E
Spyro: Year of the Dragon,PS,2000,Platform,Sony Computer Entertainment,1.93,1.58,0,0.19,3.71,91,15,8.8,207,Insomniac Games,E
Assassin's Creed IV: Black Flag,PS3,2013,Action,Ubisoft,1.33,1.68,0.13,0.57,3.71,88,36,8.1,840,Ubisoft,M
FIFA Soccer 2005,PS2,2004,Sports,Electronic Arts,0.58,2.48,0.04,0.59,3.7,81,27,7.6,56,EA Canada,E
Pok√©mon Trading Card Game,GB,1998,Strategy,Nintendo,1.49,0.73,1.38,0.1,3.7,,,,,,
Friend Collection,DS,2009,Misc,Nintendo,0,0,3.67,0,3.67,,,,,,
Tony Hawk's Pro Skater 4,PS2,2002,Sports,Activision,2.13,1.18,0.01,0.35,3.67,94,27,8.5,128,Neversoft Entertainment,T
Star Wars Battlefront (2015),XOne,2015,Shooter,Electronic Arts,2.04,1.28,0.02,0.32,3.66,,,,,,
MySims,DS,2007,Simulation,Electronic Arts,1.58,1.59,0.08,0.41,3.66,67,15,7.3,13,TOSE,E
Midnight Club 3: DUB Edition,PSP,2005,Racing,Take-Two Interactive,1.65,1.21,0,0.79,3.65,74,34,8.4,31,Rockstar Leeds,E10+
Banjo-Kazooie,N64,1998,Platform,Nintendo,1.87,1.13,0.55,0.1,3.65,,,,,,
SOCOM: U.S. Navy SEALs,PS2,2002,Shooter,Sony Computer Entertainment,2.53,0.81,0.06,0.24,3.65,82,42,7.9,82,Zipper Interactive,M
Jak and Daxter: The Precursor Legacy,PS2,2001,Platform,Sony Computer Entertainment,2.08,1.09,0.15,0.33,3.64,90,35,8.7,312,Naughty Dog,E
Pokemon Snap,N64,1999,Simulation,Nintendo,2.23,0.68,0.66,0.06,3.63,,,,,,
Pro Evolution Soccer 2008,PS2,2007,Sports,Konami Digital Entertainment,0.05,0,0.64,2.93,3.63,82,10,7.9,38,Konami,E
Resident Evil 4,PS2,2005,Action,Capcom,2.08,0.83,0.46,0.25,3.62,96,38,8.9,1013,Capcom,M
Guitar Hero: World Tour,Wii,2008,Misc,Activision,2.32,0.96,0,0.34,3.62,86,18,7.6,71,Vicarious Visions,T
FIFA Soccer 10,PS3,2009,Sports,Electronic Arts,0.6,2.45,0.05,0.52,3.62,91,56,7.6,203,EA Sports,E
Star Wars: Battlefront,PS2,2004,Shooter,LucasArts,1.93,1.22,0.03,0.44,3.61,82,36,8.7,142,Pandemic Studios,T